Priority,BlockID,Observer,ObjectName,ObjectType,RA,DEC,RAoffset,DECoffset,ROToffset,Filter1,Filter2,DitherType,DitherRadius,DitherPhase,DitherTotal,Images,IntegrationTime,Comment1,Comment2
0,P00001,OU,GB1,ObjectType,17:44:26.1,-24:10:53.8,0.0,0.0,-45.7,Open,H,None,0.0,0.0,0,1,10.00,"""""",""""""
0,P00002,OU,GB2,ObjectType,17:41:40.0,-25:12:11.7,0.0,0.0,-45.7,Open,H,None,0.0,0.0,0,1,10.00,"""""",""""""
0,P00003,OU,GB3,ObjectType,17:38:50.8,-26:13:15.6,0.0,0.0,-45.7,Open,H,None,0.0,0.0,0,1,10.00,"""""",""""""
0,P00004,OU,GB4,ObjectType,17:35:58.3,-27:14:4.5,0.0,0.0,-45.7,Open,H,None,0.0,0.0,0,1,10.00,"""""",""""""
0,P00005,OU,GB5,ObjectType,17:33:1.1,-28:15:4.9,0.0,0.0,-45.7,Open,H,None,0.0,0.0,0,1,10.00,"""""",""""""
0,P00006,OU,GB6,ObjectType,17:30:0.2,-29:15:48.3,0.0,0.0,-45.7,Open,H,None,0.0,0.0,0,1,10.00,"""""",""""""
0,P00007,OU,GB7,ObjectType,17:26:55.4,-30:16:13.8,0.0,0.0,-45.7,Open,H,None,0.0,0.0,0,1,10.00,"""""",""""""
0,P00008,OU,GB8,ObjectType,17:48:55.8,-24:48:4.9,0.0,0.0,-45.7,Open,H,None,0.0,0.0,0,1,10.00,"""""",""""""
0,P00009,OU,GB9,ObjectType,17:46:11.0,-25:49:44.3,0.0,0.0,-45.7,Open,H,None,0.0,0.0,0,1,10.00,"""""",""""""
0,P00010,OU,GB10,ObjectType,17:43:23.2,-26:51:10.7,0.0,0.0,-45.7,Open,H,None,0.0,0.0,0,1,10.00,"""""",""""""
0,P00011,OU,GB11,ObjectType,17:40:32.1,-27:52:23.1,0.0,0.0,-45.7,Open,H,None,0.0,0.0,0,1,10.00,"""""",""""""
0,P00012,OU,GB12,ObjectType,17:37:36.3,-28:53:48.3,0.0,0.0,-45.7,Open,H,None,0.0,0.0,0,1,10.00,"""""",""""""
0,P00013,OU,GB13,ObjectType,17:34:36.9,-29:54:57.5,0.0,0.0,-45.7,Open,H,None,0.0,0.0,0,1,10.00,"""""",""""""
0,P00014,OU,GB14,ObjectType,17:31:33.5,-30:55:50.0,0.0,0.0,-45.7,Open,H,None,0.0,0.0,0,1,10.00,"""""",""""""
0,P00015,OU,GB15,ObjectType,17:53:28.3,-25:24:45.4,0.0,0.0,-45.7,Open,H,None,0.0,0.0,0,1,10.00,"""""",""""""
0,P00016,OU,GB16,ObjectType,17:50:44.9,-26:26:45.1,0.0,0.0,-45.7,Open,H,None,0.0,0.0,0,1,10.00,"""""",""""""
0,P00017,OU,GB17,ObjectType,17:47:58.6,-27:28:32.8,0.0,0.0,-45.7,Open,H,None,0.0,0.0,0,1,10.00,"""""",""""""
0,P00018,OU,GB18,ObjectType,17:45:9.1,-28:30:7.6,0.0,0.0,-45.7,Open,H,None,0.0,0.0,0,1,10.00,"""""",""""""
0,P00019,OU,GB19,ObjectType,17:42:14.9,-29:31:56.3,0.0,0.0,-45.7,Open,H,None,0.0,0.0,0,1,10.00,"""""",""""""
0,P00020,OU,GB20,ObjectType,17:39:17.1,-30:33:30.2,0.0,0.0,-45.7,Open,H,None,0.0,0.0,0,1,10.00,"""""",""""""
0,P00021,OU,GB21,ObjectType,17:36:15.5,-31:34:48.4,0.0,0.0,-45.7,Open,H,None,0.0,0.0,0,1,10.00,"""""",""""""
0,P00022,OU,GB22,ObjectType,17:58:3.5,-26:0:54.2,0.0,0.0,-45.7,Open,H,None,0.0,0.0,0,1,10.00,"""""",""""""
0,P00023,OU,GB23,ObjectType,17:55:21.8,-27:3:12.9,0.0,0.0,-45.7,Open,H,None,0.0,0.0,0,1,10.00,"""""",""""""
0,P00024,OU,GB24,ObjectType,17:52:37.1,-28:5:20.6,0.0,0.0,-45.7,Open,H,None,0.0,0.0,0,1,10.00,"""""",""""""
0,P00025,OU,GB25,ObjectType,17:49:49.4,-29:7:16.5,0.0,0.0,-45.7,Open,H,None,0.0,0.0,0,1,10.00,"""""",""""""
0,P00026,OU,GB26,ObjectType,17:46:57.0,-30:9:27.5,0.0,0.0,-45.7,Open,H,None,0.0,0.0,0,1,10.00,"""""",""""""
0,P00027,OU,GB27,ObjectType,17:44:1.1,-31:11:24.9,0.0,0.0,-45.7,Open,H,None,0.0,0.0,0,1,10.00,"""""",""""""
0,P00028,OU,GB28,ObjectType,17:41:1.3,-32:13:7.7,0.0,0.0,-45.7,Open,H,None,0.0,0.0,0,1,10.00,"""""",""""""
0,P00029,OU,GB29,ObjectType,18:2:41.6,-26:36:30.0,0.0,0.0,-45.7,Open,H,None,0.0,0.0,0,1,10.00,"""""",""""""
0,P00030,OU,GB30,ObjectType,18:0:1.6,-27:39:6.5,0.0,0.0,-45.7,Open,H,None,0.0,0.0,0,1,10.00,"""""",""""""
0,P00031,OU,GB31,ObjectType,17:57:18.8,-28:41:32.9,0.0,0.0,-45.7,Open,H,None,0.0,0.0,0,1,10.00,"""""",""""""
0,P00032,OU,GB32,ObjectType,17:54:33.0,-29:43:48.5,0.0,0.0,-45.7,Open,H,None,0.0,0.0,0,1,10.00,"""""",""""""
0,P00033,OU,GB33,ObjectType,17:51:42.7,-30:46:20.5,0.0,0.0,-45.7,Open,H,None,0.0,0.0,0,1,10.00,"""""",""""""
0,P00034,OU,GB34,ObjectType,17:48:48.8,-31:48:40.0,0.0,0.0,-45.7,Open,H,None,0.0,0.0,0,1,10.00,"""""",""""""
0,P00035,OU,GB35,ObjectType,17:45:51.2,-32:50:46.1,0.0,0.0,-45.7,Open,H,None,0.0,0.0,0,1,10.00,"""""",""""""
0,P00063,"OU","GB63","Bulge",17:28:28.00,-31:01:12.71,0.00,0.00,-30240.00,Open,H,None,0.0,0.0,1,12,10.00,"",""
0,P00080,"OU","GB80","Bulge",17:33:07.47,-31:40:25.34,0.00,0.00,-32400.00,Open,H,None,0.0,0.0,1,12,10.00,"",""
0,P00097,"OU","GB97","Bulge",17:37:50.88,-32:18:59.35,0.00,0.00,-34560.00,Open,H,None,0.0,0.0,1,12,10.00,"",""
0,P00114,"OU","GB114","Bulge",17:42:38.30,-32:56:53.22,0.00,0.00,-37080.00,Open,H,None,0.0,0.0,1,12,10.00,"",""
0,P00131,"OU","GB131","Bulge",17:47:29.82,-33:34:05.37,0.00,0.00,-39240.00,Open,H,None,0.0,0.0,1,12,10.00,"",""
0,P00130,"OU","GB130","Bulge",17:50:24.61,-32:32:53.49,0.00,0.00,-40680.00,Open,H,None,0.0,0.0,1,12,10.00,"",""
0,P00113,"OU","GB113","Bulge",17:45:35.32,-31:56:03.83,0.00,0.00,-38160.00,Open,H,None,0.0,0.0,1,12,10.00,"",""
0,P00096,"OU","GB96","Bulge",17:40:49.90,-31:18:33.75,0.00,0.00,-36000.00,Open,H,None,0.0,0.0,1,12,10.00,"",""
0,P00079,"OU","GB79","Bulge",17:36:08.28,-30:40:24.74,0.00,0.00,-33840.00,Open,H,None,0.0,0.0,1,12,10.00,"",""
0,P00062,"OU","GB62","Bulge",17:31:30.38,-30:01:38.26,0.00,0.00,-31680.00,Open,H,None,0.0,0.0,1,12,10.00,"",""
0,P00061,"OU","GB61","Bulge",17:34:28.93,-29:01:46.71,0.00,0.00,-33120.00,Open,H,None,0.0,0.0,1,12,10.00,"",""
0,P00078,"OU","GB78","Bulge",17:39:05.30,-29:40:08.13,0.00,0.00,-35280.00,Open,H,None,0.0,0.0,1,12,10.00,"",""
0,P00095,"OU","GB95","Bulge",17:43:45.17,-30:17:53.25,0.00,0.00,-37440.00,Open,H,None,0.0,0.0,1,12,10.00,"",""
0,P00112,"OU","GB112","Bulge",17:48:28.62,-30:55:00.69,0.00,0.00,-39600.00,Open,H,None,0.0,0.0,1,12,10.00,"",""
0,P00129,"OU","GB129","Bulge",17:53:15.74,-31:31:28.99,0.00,0.00,-41760.00,Open,H,None,0.0,0.0,1,12,10.00,"",""
0,P00128,"OU","GB128","Bulge",17:56:03.44,-30:29:52.69,0.00,0.00,-42840.00,Open,H,None,0.0,0.0,1,12,10.00,"",""
0,P00111,"OU","GB111","Bulge",17:51:18.44,-29:53:44.63,0.00,0.00,-40680.00,Open,H,None,0.0,0.0,1,12,10.00,"",""
0,P00094,"OU","GB94","Bulge",17:46:36.89,-29:16:58.76,0.00,0.00,-38520.00,Open,H,None,0.0,0.0,1,12,10.00,"",""
0,P00077,"OU","GB77","Bulge",17:41:58.72,-28:39:36.43,0.00,0.00,-36720.00,Open,H,None,0.0,0.0,1,12,10.00,"",""
0,P00060,"OU","GB60","Bulge",17:37:23.87,-28:01:39.01,0.00,0.00,-34560.00,Open,H,None,0.0,0.0,1,12,10.00,"",""
0,P00059,"OU","GB59","Bulge",17:40:15.37,-27:01:16.06,0.00,0.00,-36000.00,Open,H,None,0.0,0.0,1,12,10.00,"",""
0,P00076,"OU","GB76","Bulge",17:44:48.75,-27:38:50.53,0.00,0.00,-37800.00,Open,H,None,0.0,0.0,1,12,10.00,"",""
0,P00093,"OU","GB93","Bulge",17:49:25.25,-28:15:51.10,0.00,0.00,-39960.00,Open,H,None,0.0,0.0,1,12,10.00,"",""
0,P00110,"OU","GB110","Bulge",17:54:04.95,-28:52:16.49,0.00,0.00,-41760.00,Open,H,None,0.0,0.0,1,12,10.00,"",""
0,P00127,"OU","GB127","Bulge",17:58:47.91,-29:28:05.37,0.00,0.00,-43920.00,Open,H,None,0.0,0.0,1,12,10.00,"",""
0,P00126,"OU","GB126","Bulge",18:01:29.36,-28:26:07.76,0.00,0.00,-45000.00,Open,H,None,0.0,0.0,1,12,10.00,"",""
0,P00109,"OU","GB109","Bulge",17:56:48.37,-27:50:37.01,0.00,0.00,-42840.00,Open,H,None,0.0,0.0,1,12,10.00,"",""
0,P00092,"OU","GB92","Bulge",17:52:10.47,-27:14:31.08,0.00,0.00,-41040.00,Open,H,None,0.0,0.0,1,12,10.00,"",""
0,P00075,"OU","GB75","Bulge",17:47:35.57,-26:37:51.24,0.00,0.00,-38880.00,Open,H,None,0.0,0.0,1,12,10.00,"",""
0,P00058,"OU","GB58","Bulge",17:43:03.62,-26:00:38.72,0.00,0.00,-37080.00,Open,H,None,0.0,0.0,1,12,10.00,"",""
0,P00057,"OU","GB57","Bulge",17:45:48.80,-24:59:47.79,0.00,0.00,-38520.00,Open,H,None,0.0,0.0,1,12,10.00,"",""
0,P00074,"OU","GB74","Bulge",17:50:19.36,-25:36:39.34,0.00,0.00,-40320.00,Open,H,None,0.0,0.0,1,12,10.00,"",""
0,P00091,"OU","GB91","Bulge",17:54:52.70,-26:12:59.45,0.00,0.00,-42120.00,Open,H,None,0.0,0.0,1,12,10.00,"",""
0,P00108,"OU","GB108","Bulge",17:59:28.88,-26:48:46.93,0.00,0.00,-43920.00,Open,H,None,0.0,0.0,1,12,10.00,"",""
0,P00125,"OU","GB125","Bulge",18:04:07.95,-27:24:00.56,0.00,0.00,-45720.00,Open,H,None,0.0,0.0,1,12,10.00,"",""
0,P00063,"OU","GB63","Bulge",17:28:28.00,-31:01:12.71,0.00,0.00,-30240.00,Open,H,None,0.0,0.0,1,12,10.00,"",""
0,P00080,"OU","GB80","Bulge",17:33:07.47,-31:40:25.34,0.00,0.00,-32400.00,Open,H,None,0.0,0.0,1,12,10.00,"",""
0,P00097,"OU","GB97","Bulge",17:37:50.88,-32:18:59.35,0.00,0.00,-34560.00,Open,H,None,0.0,0.0,1,12,10.00,"",""
0,P00114,"OU","GB114","Bulge",17:42:38.30,-32:56:53.22,0.00,0.00,-37080.00,Open,H,None,0.0,0.0,1,12,10.00,"",""
0,P00131,"OU","GB131","Bulge",17:47:29.82,-33:34:05.37,0.00,0.00,-39240.00,Open,H,None,0.0,0.0,1,12,10.00,"",""
0,P00130,"OU","GB130","Bulge",17:50:24.61,-32:32:53.49,0.00,0.00,-40680.00,Open,H,None,0.0,0.0,1,12,10.00,"",""
0,P00113,"OU","GB113","Bulge",17:45:35.32,-31:56:03.83,0.00,0.00,-38160.00,Open,H,None,0.0,0.0,1,12,10.00,"",""
0,P00096,"OU","GB96","Bulge",17:40:49.90,-31:18:33.75,0.00,0.00,-36000.00,Open,H,None,0.0,0.0,1,12,10.00,"",""
0,P00079,"OU","GB79","Bulge",17:36:08.28,-30:40:24.74,0.00,0.00,-33840.00,Open,H,None,0.0,0.0,1,12,10.00,"",""
0,P00062,"OU","GB62","Bulge",17:31:30.38,-30:01:38.26,0.00,0.00,-31680.00,Open,H,None,0.0,0.0,1,12,10.00,"",""
0,P00061,"OU","GB61","Bulge",17:34:28.93,-29:01:46.71,0.00,0.00,-33120.00,Open,H,None,0.0,0.0,1,12,10.00,"",""
0,P00078,"OU","GB78","Bulge",17:39:05.30,-29:40:08.13,0.00,0.00,-35280.00,Open,H,None,0.0,0.0,1,12,10.00,"",""
0,P00095,"OU","GB95","Bulge",17:43:45.17,-30:17:53.25,0.00,0.00,-37440.00,Open,H,None,0.0,0.0,1,12,10.00,"",""
0,P00112,"OU","GB112","Bulge",17:48:28.62,-30:55:00.69,0.00,0.00,-39600.00,Open,H,None,0.0,0.0,1,12,10.00,"",""
0,P00129,"OU","GB129","Bulge",17:53:15.74,-31:31:28.99,0.00,0.00,-41760.00,Open,H,None,0.0,0.0,1,12,10.00,"",""
0,P00128,"OU","GB128","Bulge",17:56:03.44,-30:29:52.69,0.00,0.00,-42840.00,Open,H,None,0.0,0.0,1,12,10.00,"",""
0,P00111,"OU","GB111","Bulge",17:51:18.44,-29:53:44.63,0.00,0.00,-40680.00,Open,H,None,0.0,0.0,1,12,10.00,"",""
0,P00094,"OU","GB94","Bulge",17:46:36.89,-29:16:58.76,0.00,0.00,-38520.00,Open,H,None,0.0,0.0,1,12,10.00,"",""
0,P00077,"OU","GB77","Bulge",17:41:58.72,-28:39:36.43,0.00,0.00,-36720.00,Open,H,None,0.0,0.0,1,12,10.00,"",""
0,P00060,"OU","GB60","Bulge",17:37:23.87,-28:01:39.01,0.00,0.00,-34560.00,Open,H,None,0.0,0.0,1,12,10.00,"",""
0,P00059,"OU","GB59","Bulge",17:40:15.37,-27:01:16.06,0.00,0.00,-36000.00,Open,H,None,0.0,0.0,1,12,10.00,"",""
0,P00076,"OU","GB76","Bulge",17:44:48.75,-27:38:50.53,0.00,0.00,-37800.00,Open,H,None,0.0,0.0,1,12,10.00,"",""
0,P00093,"OU","GB93","Bulge",17:49:25.25,-28:15:51.10,0.00,0.00,-39960.00,Open,H,None,0.0,0.0,1,12,10.00,"",""
0,P00110,"OU","GB110","Bulge",17:54:04.95,-28:52:16.49,0.00,0.00,-41760.00,Open,H,None,0.0,0.0,1,12,10.00,"",""
0,P00127,"OU","GB127","Bulge",17:58:47.91,-29:28:05.37,0.00,0.00,-43920.00,Open,H,None,0.0,0.0,1,12,10.00,"",""
0,P00126,"OU","GB126","Bulge",18:01:29.36,-28:26:07.76,0.00,0.00,-45000.00,Open,H,None,0.0,0.0,1,12,10.00,"",""
0,P00109,"OU","GB109","Bulge",17:56:48.37,-27:50:37.01,0.00,0.00,-42840.00,Open,H,None,0.0,0.0,1,12,10.00,"",""
0,P00092,"OU","GB92","Bulge",17:52:10.47,-27:14:31.08,0.00,0.00,-41040.00,Open,H,None,0.0,0.0,1,12,10.00,"",""
0,P00075,"OU","GB75","Bulge",17:47:35.57,-26:37:51.24,0.00,0.00,-38880.00,Open,H,None,0.0,0.0,1,12,10.00,"",""
0,P00058,"OU","GB58","Bulge",17:43:03.62,-26:00:38.72,0.00,0.00,-37080.00,Open,H,None,0.0,0.0,1,12,10.00,"",""
0,P00057,"OU","GB57","Bulge",17:45:48.80,-24:59:47.79,0.00,0.00,-38520.00,Open,H,None,0.0,0.0,1,12,10.00,"",""
0,P00074,"OU","GB74","Bulge",17:50:19.36,-25:36:39.34,0.00,0.00,-40320.00,Open,H,None,0.0,0.0,1,12,10.00,"",""
0,P00091,"OU","GB91","Bulge",17:54:52.70,-26:12:59.45,0.00,0.00,-42120.00,Open,H,None,0.0,0.0,1,12,10.00,"",""
0,P00108,"OU","GB108","Bulge",17:59:28.88,-26:48:46.93,0.00,0.00,-43920.00,Open,H,None,0.0,0.0,1,12,10.00,"",""
0,P00125,"OU","GB125","Bulge",18:04:07.95,-27:24:00.56,0.00,0.00,-45720.00,Open,H,None,0.0,0.0,1,12,10.00,"",""
0,P00063,"OU","GB63","Bulge",17:28:28.00,-31:01:12.71,0.00,0.00,-30240.00,Open,H,None,0.0,0.0,1,12,10.00,"",""
0,P00080,"OU","GB80","Bulge",17:33:07.47,-31:40:25.34,0.00,0.00,-32400.00,Open,H,None,0.0,0.0,1,12,10.00,"",""
0,P00097,"OU","GB97","Bulge",17:37:50.88,-32:18:59.35,0.00,0.00,-34560.00,Open,H,None,0.0,0.0,1,12,10.00,"",""
0,P00114,"OU","GB114","Bulge",17:42:38.30,-32:56:53.22,0.00,0.00,-37080.00,Open,H,None,0.0,0.0,1,12,10.00,"",""
0,P00131,"OU","GB131","Bulge",17:47:29.82,-33:34:05.37,0.00,0.00,-39240.00,Open,H,None,0.0,0.0,1,12,10.00,"",""
0,P00130,"OU","GB130","Bulge",17:50:24.61,-32:32:53.49,0.00,0.00,-40680.00,Open,H,None,0.0,0.0,1,12,10.00,"",""
0,P00113,"OU","GB113","Bulge",17:45:35.32,-31:56:03.83,0.00,0.00,-38160.00,Open,H,None,0.0,0.0,1,12,10.00,"",""
0,P00096,"OU","GB96","Bulge",17:40:49.90,-31:18:33.75,0.00,0.00,-36000.00,Open,H,None,0.0,0.0,1,12,10.00,"",""
0,P00079,"OU","GB79","Bulge",17:36:08.28,-30:40:24.74,0.00,0.00,-33840.00,Open,H,None,0.0,0.0,1,12,10.00,"",""
0,P00062,"OU","GB62","Bulge",17:31:30.38,-30:01:38.26,0.00,0.00,-31680.00,Open,H,None,0.0,0.0,1,12,10.00,"",""
0,P00061,"OU","GB61","Bulge",17:34:28.93,-29:01:46.71,0.00,0.00,-33120.00,Open,H,None,0.0,0.0,1,12,10.00,"",""
0,P00078,"OU","GB78","Bulge",17:39:05.30,-29:40:08.13,0.00,0.00,-35280.00,Open,H,None,0.0,0.0,1,12,10.00,"",""
0,P00095,"OU","GB95","Bulge",17:43:45.17,-30:17:53.25,0.00,0.00,-37440.00,Open,H,None,0.0,0.0,1,12,10.00,"",""
0,P00112,"OU","GB112","Bulge",17:48:28.62,-30:55:00.69,0.00,0.00,-39600.00,Open,H,None,0.0,0.0,1,12,10.00,"",""
0,P00129,"OU","GB129","Bulge",17:53:15.74,-31:31:28.99,0.00,0.00,-41760.00,Open,H,None,0.0,0.0,1,12,10.00,"",""
0,P00128,"OU","GB128","Bulge",17:56:03.44,-30:29:52.69,0.00,0.00,-42840.00,Open,H,None,0.0,0.0,1,12,10.00,"",""
0,P00111,"OU","GB111","Bulge",17:51:18.44,-29:53:44.63,0.00,0.00,-40680.00,Open,H,None,0.0,0.0,1,12,10.00,"",""
0,P00094,"OU","GB94","Bulge",17:46:36.89,-29:16:58.76,0.00,0.00,-38520.00,Open,H,None,0.0,0.0,1,12,10.00,"",""
0,P00077,"OU","GB77","Bulge",17:41:58.72,-28:39:36.43,0.00,0.00,-36720.00,Open,H,None,0.0,0.0,1,12,10.00,"",""
0,P00060,"OU","GB60","Bulge",17:37:23.87,-28:01:39.01,0.00,0.00,-34560.00,Open,H,None,0.0,0.0,1,12,10.00,"",""
0,P00059,"OU","GB59","Bulge",17:40:15.37,-27:01:16.06,0.00,0.00,-36000.00,Open,H,None,0.0,0.0,1,12,10.00,"",""
0,P00076,"OU","GB76","Bulge",17:44:48.75,-27:38:50.53,0.00,0.00,-37800.00,Open,H,None,0.0,0.0,1,12,10.00,"",""
0,P00093,"OU","GB93","Bulge",17:49:25.25,-28:15:51.10,0.00,0.00,-39960.00,Open,H,None,0.0,0.0,1,12,10.00,"",""
0,P00110,"OU","GB110","Bulge",17:54:04.95,-28:52:16.49,0.00,0.00,-41760.00,Open,H,None,0.0,0.0,1,12,10.00,"",""
0,P00127,"OU","GB127","Bulge",17:58:47.91,-29:28:05.37,0.00,0.00,-43920.00,Open,H,None,0.0,0.0,1,12,10.00,"",""
0,P00126,"OU","GB126","Bulge",18:01:29.36,-28:26:07.76,0.00,0.00,-45000.00,Open,H,None,0.0,0.0,1,12,10.00,"",""
0,P00109,"OU","GB109","Bulge",17:56:48.37,-27:50:37.01,0.00,0.00,-42840.00,Open,H,None,0.0,0.0,1,12,10.00,"",""
0,P00092,"OU","GB92","Bulge",17:52:10.47,-27:14:31.08,0.00,0.00,-41040.00,Open,H,None,0.0,0.0,1,12,10.00,"",""
0,P00075,"OU","GB75","Bulge",17:47:35.57,-26:37:51.24,0.00,0.00,-38880.00,Open,H,None,0.0,0.0,1,12,10.00,"",""
0,P00058,"OU","GB58","Bulge",17:43:03.62,-26:00:38.72,0.00,0.00,-37080.00,Open,H,None,0.0,0.0,1,12,10.00,"",""
0,P00057,"OU","GB57","Bulge",17:45:48.80,-24:59:47.79,0.00,0.00,-38520.00,Open,H,None,0.0,0.0,1,12,10.00,"",""
0,P00074,"OU","GB74","Bulge",17:50:19.36,-25:36:39.34,0.00,0.00,-40320.00,Open,H,None,0.0,0.0,1,12,10.00,"",""
0,P00091,"OU","GB91","Bulge",17:54:52.70,-26:12:59.45,0.00,0.00,-42120.00,Open,H,None,0.0,0.0,1,12,10.00,"",""
0,P00108,"OU","GB108","Bulge",17:59:28.88,-26:48:46.93,0.00,0.00,-43920.00,Open,H,None,0.0,0.0,1,12,10.00,"",""
0,P00125,"OU","GB125","Bulge",18:04:07.95,-27:24:00.56,0.00,0.00,-45720.00,Open,H,None,0.0,0.0,1,12,10.00,"",""
0,P00063,"OU","GB63","Bulge",17:28:28.00,-31:01:12.71,0.00,0.00,-30240.00,Open,H,None,0.0,0.0,1,12,10.00,"",""
0,P00080,"OU","GB80","Bulge",17:33:07.47,-31:40:25.34,0.00,0.00,-32400.00,Open,H,None,0.0,0.0,1,12,10.00,"",""
0,P00097,"OU","GB97","Bulge",17:37:50.88,-32:18:59.35,0.00,0.00,-34560.00,Open,H,None,0.0,0.0,1,12,10.00,"",""
0,P00114,"OU","GB114","Bulge",17:42:38.30,-32:56:53.22,0.00,0.00,-37080.00,Open,H,None,0.0,0.0,1,12,10.00,"",""
0,P00131,"OU","GB131","Bulge",17:47:29.82,-33:34:05.37,0.00,0.00,-39240.00,Open,H,None,0.0,0.0,1,12,10.00,"",""
0,P00130,"OU","GB130","Bulge",17:50:24.61,-32:32:53.49,0.00,0.00,-40680.00,Open,H,None,0.0,0.0,1,12,10.00,"",""
0,P00113,"OU","GB113","Bulge",17:45:35.32,-31:56:03.83,0.00,0.00,-38160.00,Open,H,None,0.0,0.0,1,12,10.00,"",""
0,P00096,"OU","GB96","Bulge",17:40:49.90,-31:18:33.75,0.00,0.00,-36000.00,Open,H,None,0.0,0.0,1,12,10.00,"",""
0,P00079,"OU","GB79","Bulge",17:36:08.28,-30:40:24.74,0.00,0.00,-33840.00,Open,H,None,0.0,0.0,1,12,10.00,"",""
0,P00062,"OU","GB62","Bulge",17:31:30.38,-30:01:38.26,0.00,0.00,-31680.00,Open,H,None,0.0,0.0,1,12,10.00,"",""
0,P00061,"OU","GB61","Bulge",17:34:28.93,-29:01:46.71,0.00,0.00,-33120.00,Open,H,None,0.0,0.0,1,12,10.00,"",""
0,P00078,"OU","GB78","Bulge",17:39:05.30,-29:40:08.13,0.00,0.00,-35280.00,Open,H,None,0.0,0.0,1,12,10.00,"",""
0,P00095,"OU","GB95","Bulge",17:43:45.17,-30:17:53.25,0.00,0.00,-37440.00,Open,H,None,0.0,0.0,1,12,10.00,"",""
0,P00112,"OU","GB112","Bulge",17:48:28.62,-30:55:00.69,0.00,0.00,-39600.00,Open,H,None,0.0,0.0,1,12,10.00,"",""
0,P00129,"OU","GB129","Bulge",17:53:15.74,-31:31:28.99,0.00,0.00,-41760.00,Open,H,None,0.0,0.0,1,12,10.00,"",""
0,P00128,"OU","GB128","Bulge",17:56:03.44,-30:29:52.69,0.00,0.00,-42840.00,Open,H,None,0.0,0.0,1,12,10.00,"",""
0,P00111,"OU","GB111","Bulge",17:51:18.44,-29:53:44.63,0.00,0.00,-40680.00,Open,H,None,0.0,0.0,1,12,10.00,"",""
0,P00094,"OU","GB94","Bulge",17:46:36.89,-29:16:58.76,0.00,0.00,-38520.00,Open,H,None,0.0,0.0,1,12,10.00,"",""
0,P00077,"OU","GB77","Bulge",17:41:58.72,-28:39:36.43,0.00,0.00,-36720.00,Open,H,None,0.0,0.0,1,12,10.00,"",""
0,P00060,"OU","GB60","Bulge",17:37:23.87,-28:01:39.01,0.00,0.00,-34560.00,Open,H,None,0.0,0.0,1,12,10.00,"",""
0,P00059,"OU","GB59","Bulge",17:40:15.37,-27:01:16.06,0.00,0.00,-36000.00,Open,H,None,0.0,0.0,1,12,10.00,"",""
0,P00076,"OU","GB76","Bulge",17:44:48.75,-27:38:50.53,0.00,0.00,-37800.00,Open,H,None,0.0,0.0,1,12,10.00,"",""
0,P00093,"OU","GB93","Bulge",17:49:25.25,-28:15:51.10,0.00,0.00,-39960.00,Open,H,None,0.0,0.0,1,12,10.00,"",""
0,P00110,"OU","GB110","Bulge",17:54:04.95,-28:52:16.49,0.00,0.00,-41760.00,Open,H,None,0.0,0.0,1,12,10.00,"",""
0,P00127,"OU","GB127","Bulge",17:58:47.91,-29:28:05.37,0.00,0.00,-43920.00,Open,H,None,0.0,0.0,1,12,10.00,"",""
0,P00063,"OU","GB63","Bulge",17:28:28.00,-31:01:12.71,0.00,0.00,-30240.00,Open,H,None,0.0,0.0,1,12,10.00,"",""
0,P00080,"OU","GB80","Bulge",17:33:07.47,-31:40:25.34,0.00,0.00,-32400.00,Open,H,None,0.0,0.0,1,12,10.00,"",""
0,P00097,"OU","GB97","Bulge",17:37:50.88,-32:18:59.35,0.00,0.00,-34560.00,Open,H,None,0.0,0.0,1,12,10.00,"",""
0,P00114,"OU","GB114","Bulge",17:42:38.30,-32:56:53.22,0.00,0.00,-37080.00,Open,H,None,0.0,0.0,1,12,10.00,"",""
0,P00131,"OU","GB131","Bulge",17:47:29.82,-33:34:05.37,0.00,0.00,-39240.00,Open,H,None,0.0,0.0,1,12,10.00,"",""
0,P00130,"OU","GB130","Bulge",17:50:24.61,-32:32:53.49,0.00,0.00,-40680.00,Open,H,None,0.0,0.0,1,12,10.00,"",""
0,P00113,"OU","GB113","Bulge",17:45:35.32,-31:56:03.83,0.00,0.00,-38160.00,Open,H,None,0.0,0.0,1,12,10.00,"",""
0,P00096,"OU","GB96","Bulge",17:40:49.90,-31:18:33.75,0.00,0.00,-36000.00,Open,H,None,0.0,0.0,1,12,10.00,"",""
0,P00079,"OU","GB79","Bulge",17:36:08.28,-30:40:24.74,0.00,0.00,-33840.00,Open,H,None,0.0,0.0,1,12,10.00,"",""
0,P00062,"OU","GB62","Bulge",17:31:30.38,-30:01:38.26,0.00,0.00,-31680.00,Open,H,None,0.0,0.0,1,12,10.00,"",""
0,P00061,"OU","GB61","Bulge",17:34:28.93,-29:01:46.71,0.00,0.00,-33120.00,Open,H,None,0.0,0.0,1,12,10.00,"",""
0,P00078,"OU","GB78","Bulge",17:39:05.30,-29:40:08.13,0.00,0.00,-35280.00,Open,H,None,0.0,0.0,1,12,10.00,"",""
0,P00095,"OU","GB95","Bulge",17:43:45.17,-30:17:53.25,0.00,0.00,-37440.00,Open,H,None,0.0,0.0,1,12,10.00,"",""
0,P00112,"OU","GB112","Bulge",17:48:28.62,-30:55:00.69,0.00,0.00,-39600.00,Open,H,None,0.0,0.0,1,12,10.00,"",""
0,P00129,"OU","GB129","Bulge",17:53:15.74,-31:31:28.99,0.00,0.00,-41760.00,Open,H,None,0.0,0.0,1,12,10.00,"",""
0,P00128,"OU","GB128","Bulge",17:56:03.44,-30:29:52.69,0.00,0.00,-42840.00,Open,H,None,0.0,0.0,1,12,10.00,"",""
0,P00111,"OU","GB111","Bulge",17:51:18.44,-29:53:44.63,0.00,0.00,-40680.00,Open,H,None,0.0,0.0,1,12,10.00,"",""
0,P00094,"OU","GB94","Bulge",17:46:36.89,-29:16:58.76,0.00,0.00,-38520.00,Open,H,None,0.0,0.0,1,12,10.00,"",""
0,P00077,"OU","GB77","Bulge",17:41:58.72,-28:39:36.43,0.00,0.00,-36720.00,Open,H,None,0.0,0.0,1,12,10.00,"",""
0,P00060,"OU","GB60","Bulge",17:37:23.87,-28:01:39.01,0.00,0.00,-34560.00,Open,H,None,0.0,0.0,1,12,10.00,"",""
0,P00059,"OU","GB59","Bulge",17:40:15.37,-27:01:16.06,0.00,0.00,-36000.00,Open,H,None,0.0,0.0,1,12,10.00,"",""
0,P00076,"OU","GB76","Bulge",17:44:48.75,-27:38:50.53,0.00,0.00,-37800.00,Open,H,None,0.0,0.0,1,12,10.00,"",""
0,P00093,"OU","GB93","Bulge",17:49:25.25,-28:15:51.10,0.00,0.00,-39960.00,Open,H,None,0.0,0.0,1,12,10.00,"",""
0,P00110,"OU","GB110","Bulge",17:54:04.95,-28:52:16.49,0.00,0.00,-41760.00,Open,H,None,0.0,0.0,1,12,10.00,"",""
0,P00127,"OU","GB127","Bulge",17:58:47.91,-29:28:05.37,0.00,0.00,-43920.00,Open,H,None,0.0,0.0,1,12,10.00,"",""
0,P00126,"OU","GB126","Bulge",18:01:29.36,-28:26:07.76,0.00,0.00,-45000.00,Open,H,None,0.0,0.0,1,12,10.00,"",""
0,P00109,"OU","GB109","Bulge",17:56:48.37,-27:50:37.01,0.00,0.00,-42840.00,Open,H,None,0.0,0.0,1,12,10.00,"",""
0,P00092,"OU","GB92","Bulge",17:52:10.47,-27:14:31.08,0.00,0.00,-41040.00,Open,H,None,0.0,0.0,1,12,10.00,"",""
0,P00075,"OU","GB75","Bulge",17:47:35.57,-26:37:51.24,0.00,0.00,-38880.00,Open,H,None,0.0,0.0,1,12,10.00,"",""
0,P00058,"OU","GB58","Bulge",17:43:03.62,-26:00:38.72,0.00,0.00,-37080.00,Open,H,None,0.0,0.0,1,12,10.00,"",""
0,P00057,"OU","GB57","Bulge",17:45:48.80,-24:59:47.79,0.00,0.00,-38520.00,Open,H,None,0.0,0.0,1,12,10.00,"",""
0,P00074,"OU","GB74","Bulge",17:50:19.36,-25:36:39.34,0.00,0.00,-40320.00,Open,H,None,0.0,0.0,1,12,10.00,"",""
0,P00091,"OU","GB91","Bulge",17:54:52.70,-26:12:59.45,0.00,0.00,-42120.00,Open,H,None,0.0,0.0,1,12,10.00,"",""
0,P00108,"OU","GB108","Bulge",17:59:28.88,-26:48:46.93,0.00,0.00,-43920.00,Open,H,None,0.0,0.0,1,12,10.00,"",""
0,P00125,"OU","GB125","Bulge",18:04:07.95,-27:24:00.56,0.00,0.00,-45720.00,Open,H,None,0.0,0.0,1,12,10.00,"",""
0,P00063,"OU","GB63","Bulge",17:28:28.00,-31:01:12.71,0.00,0.00,-30240.00,Open,H,None,0.0,0.0,1,12,10.00,"",""
0,P00080,"OU","GB80","Bulge",17:33:07.47,-31:40:25.34,0.00,0.00,-32400.00,Open,H,None,0.0,0.0,1,12,10.00,"",""
0,P00097,"OU","GB97","Bulge",17:37:50.88,-32:18:59.35,0.00,0.00,-34560.00,Open,H,None,0.0,0.0,1,12,10.00,"",""
0,P00114,"OU","GB114","Bulge",17:42:38.30,-32:56:53.22,0.00,0.00,-37080.00,Open,H,None,0.0,0.0,1,12,10.00,"",""
0,P00131,"OU","GB131","Bulge",17:47:29.82,-33:34:05.37,0.00,0.00,-39240.00,Open,H,None,0.0,0.0,1,12,10.00,"",""
0,P00130,"OU","GB130","Bulge",17:50:24.61,-32:32:53.49,0.00,0.00,-40680.00,Open,H,None,0.0,0.0,1,12,10.00,"",""
0,P00113,"OU","GB113","Bulge",17:45:35.32,-31:56:03.83,0.00,0.00,-38160.00,Open,H,None,0.0,0.0,1,12,10.00,"",""
0,P00096,"OU","GB96","Bulge",17:40:49.90,-31:18:33.75,0.00,0.00,-36000.00,Open,H,None,0.0,0.0,1,12,10.00,"",""
0,P00079,"OU","GB79","Bulge",17:36:08.28,-30:40:24.74,0.00,0.00,-33840.00,Open,H,None,0.0,0.0,1,12,10.00,"",""
0,P00062,"OU","GB62","Bulge",17:31:30.38,-30:01:38.26,0.00,0.00,-31680.00,Open,H,None,0.0,0.0,1,12,10.00,"",""
0,P00061,"OU","GB61","Bulge",17:34:28.93,-29:01:46.71,0.00,0.00,-33120.00,Open,H,None,0.0,0.0,1,12,10.00,"",""
0,P00078,"OU","GB78","Bulge",17:39:05.30,-29:40:08.13,0.00,0.00,-35280.00,Open,H,None,0.0,0.0,1,12,10.00,"",""
0,P00095,"OU","GB95","Bulge",17:43:45.17,-30:17:53.25,0.00,0.00,-37440.00,Open,H,None,0.0,0.0,1,12,10.00,"",""
0,P00112,"OU","GB112","Bulge",17:48:28.62,-30:55:00.69,0.00,0.00,-39600.00,Open,H,None,0.0,0.0,1,12,10.00,"",""
0,P00129,"OU","GB129","Bulge",17:53:15.74,-31:31:28.99,0.00,0.00,-41760.00,Open,H,None,0.0,0.0,1,12,10.00,"",""
0,P00128,"OU","GB128","Bulge",17:56:03.44,-30:29:52.69,0.00,0.00,-42840.00,Open,H,None,0.0,0.0,1,12,10.00,"",""
0,P00111,"OU","GB111","Bulge",17:51:18.44,-29:53:44.63,0.00,0.00,-40680.00,Open,H,None,0.0,0.0,1,12,10.00,"",""
0,P00094,"OU","GB94","Bulge",17:46:36.89,-29:16:58.76,0.00,0.00,-38520.00,Open,H,None,0.0,0.0,1,12,10.00,"",""
0,P00077,"OU","GB77","Bulge",17:41:58.72,-28:39:36.43,0.00,0.00,-36720.00,Open,H,None,0.0,0.0,1,12,10.00,"",""
0,P00060,"OU","GB60","Bulge",17:37:23.87,-28:01:39.01,0.00,0.00,-34560.00,Open,H,None,0.0,0.0,1,12,10.00,"",""
0,P00059,"OU","GB59","Bulge",17:40:15.37,-27:01:16.06,0.00,0.00,-36000.00,Open,H,None,0.0,0.0,1,12,10.00,"",""
0,P00076,"OU","GB76","Bulge",17:44:48.75,-27:38:50.53,0.00,0.00,-37800.00,Open,H,None,0.0,0.0,1,12,10.00,"",""
0,P00093,"OU","GB93","Bulge",17:49:25.25,-28:15:51.10,0.00,0.00,-39960.00,Open,H,None,0.0,0.0,1,12,10.00,"",""
0,P00110,"OU","GB110","Bulge",17:54:04.95,-28:52:16.49,0.00,0.00,-41760.00,Open,H,None,0.0,0.0,1,12,10.00,"",""
0,P00127,"OU","GB127","Bulge",17:58:47.91,-29:28:05.37,0.00,0.00,-43920.00,Open,H,None,0.0,0.0,1,12,10.00,"",""
0,P00126,"OU","GB126","Bulge",18:01:29.36,-28:26:07.76,0.00,0.00,-45000.00,Open,H,None,0.0,0.0,1,12,10.00,"",""
0,P00109,"OU","GB109","Bulge",17:56:48.37,-27:50:37.01,0.00,0.00,-42840.00,Open,H,None,0.0,0.0,1,12,10.00,"",""
0,P00092,"OU","GB92","Bulge",17:52:10.47,-27:14:31.08,0.00,0.00,-41040.00,Open,H,None,0.0,0.0,1,12,10.00,"",""
0,P00075,"OU","GB75","Bulge",17:47:35.57,-26:37:51.24,0.00,0.00,-38880.00,Open,H,None,0.0,0.0,1,12,10.00,"",""
0,P00058,"OU","GB58","Bulge",17:43:03.62,-26:00:38.72,0.00,0.00,-37080.00,Open,H,None,0.0,0.0,1,12,10.00,"",""
0,P00057,"OU","GB57","Bulge",17:45:48.80,-24:59:47.79,0.00,0.00,-38520.00,Open,H,None,0.0,0.0,1,12,10.00,"",""
0,P00074,"OU","GB74","Bulge",17:50:19.36,-25:36:39.34,0.00,0.00,-40320.00,Open,H,None,0.0,0.0,1,12,10.00,"",""
0,P00091,"OU","GB91","Bulge",17:54:52.70,-26:12:59.45,0.00,0.00,-42120.00,Open,H,None,0.0,0.0,1,12,10.00,"",""
0,P00108,"OU","GB108","Bulge",17:59:28.88,-26:48:46.93,0.00,0.00,-43920.00,Open,H,None,0.0,0.0,1,12,10.00,"",""
0,P00125,"OU","GB125","Bulge",18:04:07.95,-27:24:00.56,0.00,0.00,-45720.00,Open,H,None,0.0,0.0,1,12,10.00,"",""
0,P00063,"OU","GB63","Bulge",17:28:28.00,-31:01:12.71,0.00,0.00,-30240.00,Open,H,None,0.0,0.0,1,12,10.00,"",""
0,P00080,"OU","GB80","Bulge",17:33:07.47,-31:40:25.34,0.00,0.00,-32400.00,Open,H,None,0.0,0.0,1,12,10.00,"",""
0,P00097,"OU","GB97","Bulge",17:37:50.88,-32:18:59.35,0.00,0.00,-34560.00,Open,H,None,0.0,0.0,1,12,10.00,"",""
0,P00114,"OU","GB114","Bulge",17:42:38.30,-32:56:53.22,0.00,0.00,-37080.00,Open,H,None,0.0,0.0,1,12,10.00,"",""
0,P00131,"OU","GB131","Bulge",17:47:29.82,-33:34:05.37,0.00,0.00,-39240.00,Open,H,None,0.0,0.0,1,12,10.00,"",""
0,P00130,"OU","GB130","Bulge",17:50:24.61,-32:32:53.49,0.00,0.00,-40680.00,Open,H,None,0.0,0.0,1,12,10.00,"",""
0,P00113,"OU","GB113","Bulge",17:45:35.32,-31:56:03.83,0.00,0.00,-38160.00,Open,H,None,0.0,0.0,1,12,10.00,"",""
0,P00096,"OU","GB96","Bulge",17:40:49.90,-31:18:33.75,0.00,0.00,-36000.00,Open,H,None,0.0,0.0,1,12,10.00,"",""
0,P00079,"OU","GB79","Bulge",17:36:08.28,-30:40:24.74,0.00,0.00,-33840.00,Open,H,None,0.0,0.0,1,12,10.00,"",""
0,P00062,"OU","GB62","Bulge",17:31:30.38,-30:01:38.26,0.00,0.00,-31680.00,Open,H,None,0.0,0.0,1,12,10.00,"",""
0,P00061,"OU","GB61","Bulge",17:34:28.93,-29:01:46.71,0.00,0.00,-33120.00,Open,H,None,0.0,0.0,1,12,10.00,"",""
0,P00078,"OU","GB78","Bulge",17:39:05.30,-29:40:08.13,0.00,0.00,-35280.00,Open,H,None,0.0,0.0,1,12,10.00,"",""
0,P00095,"OU","GB95","Bulge",17:43:45.17,-30:17:53.25,0.00,0.00,-37440.00,Open,H,None,0.0,0.0,1,12,10.00,"",""
0,P00112,"OU","GB112","Bulge",17:48:28.62,-30:55:00.69,0.00,0.00,-39600.00,Open,H,None,0.0,0.0,1,12,10.00,"",""
0,P00129,"OU","GB129","Bulge",17:53:15.74,-31:31:28.99,0.00,0.00,-41760.00,Open,H,None,0.0,0.0,1,12,10.00,"",""
0,P00128,"OU","GB128","Bulge",17:56:03.44,-30:29:52.69,0.00,0.00,-42840.00,Open,H,None,0.0,0.0,1,12,10.00,"",""
0,P00111,"OU","GB111","Bulge",17:51:18.44,-29:53:44.63,0.00,0.00,-40680.00,Open,H,None,0.0,0.0,1,12,10.00,"",""
0,P00094,"OU","GB94","Bulge",17:46:36.89,-29:16:58.76,0.00,0.00,-38520.00,Open,H,None,0.0,0.0,1,12,10.00,"",""
0,P00077,"OU","GB77","Bulge",17:41:58.72,-28:39:36.43,0.00,0.00,-36720.00,Open,H,None,0.0,0.0,1,12,10.00,"",""
0,P00060,"OU","GB60","Bulge",17:37:23.87,-28:01:39.01,0.00,0.00,-34560.00,Open,H,None,0.0,0.0,1,12,10.00,"",""
0,P00059,"OU","GB59","Bulge",17:40:15.37,-27:01:16.06,0.00,0.00,-36000.00,Open,H,None,0.0,0.0,1,12,10.00,"",""
0,P00076,"OU","GB76","Bulge",17:44:48.75,-27:38:50.53,0.00,0.00,-37800.00,Open,H,None,0.0,0.0,1,12,10.00,"",""
0,P00093,"OU","GB93","Bulge",17:49:25.25,-28:15:51.10,0.00,0.00,-39960.00,Open,H,None,0.0,0.0,1,12,10.00,"",""
0,P00110,"OU","GB110","Bulge",17:54:04.95,-28:52:16.49,0.00,0.00,-41760.00,Open,H,None,0.0,0.0,1,12,10.00,"",""
0,P00127,"OU","GB127","Bulge",17:58:47.91,-29:28:05.37,0.00,0.00,-43920.00,Open,H,None,0.0,0.0,1,12,10.00,"",""
0,P00126,"OU","GB126","Bulge",18:01:29.36,-28:26:07.76,0.00,0.00,-45000.00,Open,H,None,0.0,0.0,1,12,10.00,"",""
0,P00092,"OU","GB92","Bulge",17:52:10.47,-27:14:31.08,0.00,0.00,-41040.00,Open,H,None,0.0,0.0,1,12,10.00,"",""
0,P00075,"OU","GB75","Bulge",17:47:35.57,-26:37:51.24,0.00,0.00,-38880.00,Open,H,None,0.0,0.0,1,12,10.00,"",""
0,P00058,"OU","GB58","Bulge",17:43:03.62,-26:00:38.72,0.00,0.00,-37080.00,Open,H,None,0.0,0.0,1,12,10.00,"",""
0,P00057,"OU","GB57","Bulge",17:45:48.80,-24:59:47.79,0.00,0.00,-38520.00,Open,H,None,0.0,0.0,1,12,10.00,"",""
0,P00074,"OU","GB74","Bulge",17:50:19.36,-25:36:39.34,0.00,0.00,-40320.00,Open,H,None,0.0,0.0,1,12,10.00,"",""
0,P00091,"OU","GB91","Bulge",17:54:52.70,-26:12:59.45,0.00,0.00,-42120.00,Open,H,None,0.0,0.0,1,12,10.00,"",""
0,P00108,"OU","GB108","Bulge",17:59:28.88,-26:48:46.93,0.00,0.00,-43920.00,Open,H,None,0.0,0.0,1,12,10.00,"",""
0,P00125,"OU","GB125","Bulge",18:04:07.95,-27:24:00.56,0.00,0.00,-45720.00,Open,H,None,0.0,0.0,1,12,10.00,"",""
0,P00063,"OU","GB63","Bulge",17:28:28.00,-31:01:12.71,0.00,0.00,-30240.00,Open,H,None,0.0,0.0,1,12,10.00,"",""
0,P00080,"OU","GB80","Bulge",17:33:07.47,-31:40:25.34,0.00,0.00,-32400.00,Open,H,None,0.0,0.0,1,12,10.00,"",""
0,P00097,"OU","GB97","Bulge",17:37:50.88,-32:18:59.35,0.00,0.00,-34560.00,Open,H,None,0.0,0.0,1,12,10.00,"",""
0,P00114,"OU","GB114","Bulge",17:42:38.30,-32:56:53.22,0.00,0.00,-37080.00,Open,H,None,0.0,0.0,1,12,10.00,"",""
0,P00131,"OU","GB131","Bulge",17:47:29.82,-33:34:05.37,0.00,0.00,-39240.00,Open,H,None,0.0,0.0,1,12,10.00,"",""
0,P00130,"OU","GB130","Bulge",17:50:24.61,-32:32:53.49,0.00,0.00,-40680.00,Open,H,None,0.0,0.0,1,12,10.00,"",""
0,P00113,"OU","GB113","Bulge",17:45:35.32,-31:56:03.83,0.00,0.00,-38160.00,Open,H,None,0.0,0.0,1,12,10.00,"",""
0,P00096,"OU","GB96","Bulge",17:40:49.90,-31:18:33.75,0.00,0.00,-36000.00,Open,H,None,0.0,0.0,1,12,10.00,"",""
0,P00079,"OU","GB79","Bulge",17:36:08.28,-30:40:24.74,0.00,0.00,-33840.00,Open,H,None,0.0,0.0,1,12,10.00,"",""
0,P00062,"OU","GB62","Bulge",17:31:30.38,-30:01:38.26,0.00,0.00,-31680.00,Open,H,None,0.0,0.0,1,12,10.00,"",""
0,P00061,"OU","GB61","Bulge",17:34:28.93,-29:01:46.71,0.00,0.00,-33120.00,Open,H,None,0.0,0.0,1,12,10.00,"",""
0,P00078,"OU","GB78","Bulge",17:39:05.30,-29:40:08.13,0.00,0.00,-35280.00,Open,H,None,0.0,0.0,1,12,10.00,"",""
0,P00095,"OU","GB95","Bulge",17:43:45.17,-30:17:53.25,0.00,0.00,-37440.00,Open,H,None,0.0,0.0,1,12,10.00,"",""
0,P00112,"OU","GB112","Bulge",17:48:28.62,-30:55:00.69,0.00,0.00,-39600.00,Open,H,None,0.0,0.0,1,12,10.00,"",""
0,P00129,"OU","GB129","Bulge",17:53:15.74,-31:31:28.99,0.00,0.00,-41760.00,Open,H,None,0.0,0.0,1,12,10.00,"",""
0,P00128,"OU","GB128","Bulge",17:56:03.44,-30:29:52.69,0.00,0.00,-42840.00,Open,H,None,0.0,0.0,1,12,10.00,"",""
0,P00111,"OU","GB111","Bulge",17:51:18.44,-29:53:44.63,0.00,0.00,-40680.00,Open,H,None,0.0,0.0,1,12,10.00,"",""
0,P00094,"OU","GB94","Bulge",17:46:36.89,-29:16:58.76,0.00,0.00,-38520.00,Open,H,None,0.0,0.0,1,12,10.00,"",""
0,P00077,"OU","GB77","Bulge",17:41:58.72,-28:39:36.43,0.00,0.00,-36720.00,Open,H,None,0.0,0.0,1,12,10.00,"",""
0,P00060,"OU","GB60","Bulge",17:37:23.87,-28:01:39.01,0.00,0.00,-34560.00,Open,H,None,0.0,0.0,1,12,10.00,"",""
0,P00059,"OU","GB59","Bulge",17:40:15.37,-27:01:16.06,0.00,0.00,-36000.00,Open,H,None,0.0,0.0,1,12,10.00,"",""
0,P00076,"OU","GB76","Bulge",17:44:48.75,-27:38:50.53,0.00,0.00,-37800.00,Open,H,None,0.0,0.0,1,12,10.00,"",""
0,P00093,"OU","GB93","Bulge",17:49:25.25,-28:15:51.10,0.00,0.00,-39960.00,Open,H,None,0.0,0.0,1,12,10.00,"",""
0,P00063,"OU","GB63","Bulge",17:28:28.00,-31:01:12.71,0.00,0.00,-30240.00,Open,H,None,0.0,0.0,1,12,10.00,"",""
0,P00080,"OU","GB80","Bulge",17:33:07.47,-31:40:25.34,0.00,0.00,-32400.00,Open,H,None,0.0,0.0,1,12,10.00,"",""
0,P00097,"OU","GB97","Bulge",17:37:50.88,-32:18:59.35,0.00,0.00,-34560.00,Open,H,None,0.0,0.0,1,12,10.00,"",""
0,P00114,"OU","GB114","Bulge",17:42:38.30,-32:56:53.22,0.00,0.00,-37080.00,Open,H,None,0.0,0.0,1,12,10.00,"",""
0,P00131,"OU","GB131","Bulge",17:47:29.82,-33:34:05.37,0.00,0.00,-39240.00,Open,H,None,0.0,0.0,1,12,10.00,"",""
0,P00130,"OU","GB130","Bulge",17:50:24.61,-32:32:53.49,0.00,0.00,-40680.00,Open,H,None,0.0,0.0,1,12,10.00,"",""
0,P00113,"OU","GB113","Bulge",17:45:35.32,-31:56:03.83,0.00,0.00,-38160.00,Open,H,None,0.0,0.0,1,12,10.00,"",""
0,P00096,"OU","GB96","Bulge",17:40:49.90,-31:18:33.75,0.00,0.00,-36000.00,Open,H,None,0.0,0.0,1,12,10.00,"",""
0,P00079,"OU","GB79","Bulge",17:36:08.28,-30:40:24.74,0.00,0.00,-33840.00,Open,H,None,0.0,0.0,1,12,10.00,"",""
0,P00062,"OU","GB62","Bulge",17:31:30.38,-30:01:38.26,0.00,0.00,-31680.00,Open,H,None,0.0,0.0,1,12,10.00,"",""
0,P00061,"OU","GB61","Bulge",17:34:28.93,-29:01:46.71,0.00,0.00,-33120.00,Open,H,None,0.0,0.0,1,12,10.00,"",""
0,P00078,"OU","GB78","Bulge",17:39:05.30,-29:40:08.13,0.00,0.00,-35280.00,Open,H,None,0.0,0.0,1,12,10.00,"",""
0,P00095,"OU","GB95","Bulge",17:43:45.17,-30:17:53.25,0.00,0.00,-37440.00,Open,H,None,0.0,0.0,1,12,10.00,"",""
0,P00112,"OU","GB112","Bulge",17:48:28.62,-30:55:00.69,0.00,0.00,-39600.00,Open,H,None,0.0,0.0,1,12,10.00,"",""
0,P00129,"OU","GB129","Bulge",17:53:15.74,-31:31:28.99,0.00,0.00,-41760.00,Open,H,None,0.0,0.0,1,12,10.00,"",""
0,P00128,"OU","GB128","Bulge",17:56:03.44,-30:29:52.69,0.00,0.00,-42840.00,Open,H,None,0.0,0.0,1,12,10.00,"",""
0,P00111,"OU","GB111","Bulge",17:51:18.44,-29:53:44.63,0.00,0.00,-40680.00,Open,H,None,0.0,0.0,1,12,10.00,"",""
0,P00094,"OU","GB94","Bulge",17:46:36.89,-29:16:58.76,0.00,0.00,-38520.00,Open,H,None,0.0,0.0,1,12,10.00,"",""
0,P00077,"OU","GB77","Bulge",17:41:58.72,-28:39:36.43,0.00,0.00,-36720.00,Open,H,None,0.0,0.0,1,12,10.00,"",""
0,P00060,"OU","GB60","Bulge",17:37:23.87,-28:01:39.01,0.00,0.00,-34560.00,Open,H,None,0.0,0.0,1,12,10.00,"",""
0,P00059,"OU","GB59","Bulge",17:40:15.37,-27:01:16.06,0.00,0.00,-36000.00,Open,H,None,0.0,0.0,1,12,10.00,"",""
0,P00076,"OU","GB76","Bulge",17:44:48.75,-27:38:50.53,0.00,0.00,-37800.00,Open,H,None,0.0,0.0,1,12,10.00,"",""
0,P00093,"OU","GB93","Bulge",17:49:25.25,-28:15:51.10,0.00,0.00,-39960.00,Open,H,None,0.0,0.0,1,12,10.00,"",""
0,P00110,"OU","GB110","Bulge",17:54:04.95,-28:52:16.49,0.00,0.00,-41760.00,Open,H,None,0.0,0.0,1,12,10.00,"",""
0,P00127,"OU","GB127","Bulge",17:58:47.91,-29:28:05.37,0.00,0.00,-43920.00,Open,H,None,0.0,0.0,1,12,10.00,"",""
0,P00126,"OU","GB126","Bulge",18:01:29.36,-28:26:07.76,0.00,0.00,-45000.00,Open,H,None,0.0,0.0,1,12,10.00,"",""
0,P00109,"OU","GB109","Bulge",17:56:48.37,-27:50:37.01,0.00,0.00,-42840.00,Open,H,None,0.0,0.0,1,12,10.00,"",""
0,P00092,"OU","GB92","Bulge",17:52:10.47,-27:14:31.08,0.00,0.00,-41040.00,Open,H,None,0.0,0.0,1,12,10.00,"",""
0,P00075,"OU","GB75","Bulge",17:47:35.57,-26:37:51.24,0.00,0.00,-38880.00,Open,H,None,0.0,0.0,1,12,10.00,"",""
0,P00058,"OU","GB58","Bulge",17:43:03.62,-26:00:38.72,0.00,0.00,-37080.00,Open,H,None,0.0,0.0,1,12,10.00,"",""
0,P00057,"OU","GB57","Bulge",17:45:48.80,-24:59:47.79,0.00,0.00,-38520.00,Open,H,None,0.0,0.0,1,12,10.00,"",""
0,P00074,"OU","GB74","Bulge",17:50:19.36,-25:36:39.34,0.00,0.00,-40320.00,Open,H,None,0.0,0.0,1,12,10.00,"",""
0,P00091,"OU","GB91","Bulge",17:54:52.70,-26:12:59.45,0.00,0.00,-42120.00,Open,H,None,0.0,0.0,1,12,10.00,"",""
0,P00108,"OU","GB108","Bulge",17:59:28.88,-26:48:46.93,0.00,0.00,-43920.00,Open,H,None,0.0,0.0,1,12,10.00,"",""
0,P00125,"OU","GB125","Bulge",18:04:07.95,-27:24:00.56,0.00,0.00,-45720.00,Open,H,None,0.0,0.0,1,12,10.00,"",""
0,P00125,"OU","GB125","Bulge",18:04:07.95,-27:24:00.56,0.00,0.00,-45720.00,Open,H,None,0.0,0.0,1,12,10.00,"",""
0,P00126,"OU","GB126","Bulge",18:01:29.36,-28:26:07.76,0.00,0.00,-45000.00,Open,H,None,0.0,0.0,1,12,10.00,"",""
0,P00127,"OU","GB127","Bulge",17:58:47.91,-29:28:05.37,0.00,0.00,-43920.00,Open,H,None,0.0,0.0,1,12,10.00,"",""
0,P00128,"OU","GB128","Bulge",17:56:03.44,-30:29:52.69,0.00,0.00,-42840.00,Open,H,None,0.0,0.0,1,12,10.00,"",""
0,P00129,"OU","GB129","Bulge",17:53:15.74,-31:31:28.99,0.00,0.00,-41760.00,Open,H,None,0.0,0.0,1,12,10.00,"",""
0,P00130,"OU","GB130","Bulge",17:50:24.61,-32:32:53.49,0.00,0.00,-40680.00,Open,H,None,0.0,0.0,1,12,10.00,"",""
0,P00131,"OU","GB131","Bulge",17:47:29.82,-33:34:05.37,0.00,0.00,-39240.00,Open,H,None,0.0,0.0,1,12,10.00,"",""
0,P00114,"OU","GB114","Bulge",17:42:38.30,-32:56:53.22,0.00,0.00,-37080.00,Open,H,None,0.0,0.0,1,12,10.00,"",""
0,P00097,"OU","GB97","Bulge",17:37:50.88,-32:18:59.35,0.00,0.00,-34560.00,Open,H,None,0.0,0.0,1,12,10.00,"",""
0,P00080,"OU","GB80","Bulge",17:33:07.47,-31:40:25.34,0.00,0.00,-32400.00,Open,H,None,0.0,0.0,1,12,10.00,"",""
0,P00063,"OU","GB63","Bulge",17:28:28.00,-31:01:12.71,0.00,0.00,-30240.00,Open,H,None,0.0,0.0,1,12,10.00,"",""
0,P00062,"OU","GB62","Bulge",17:31:30.38,-30:01:38.26,0.00,0.00,-31680.00,Open,H,None,0.0,0.0,1,12,10.00,"",""
0,P00079,"OU","GB79","Bulge",17:36:08.28,-30:40:24.74,0.00,0.00,-33840.00,Open,H,None,0.0,0.0,1,12,10.00,"",""
0,P00096,"OU","GB96","Bulge",17:40:49.90,-31:18:33.75,0.00,0.00,-36000.00,Open,H,None,0.0,0.0,1,12,10.00,"",""
0,P00113,"OU","GB113","Bulge",17:45:35.32,-31:56:03.83,0.00,0.00,-38160.00,Open,H,None,0.0,0.0,1,12,10.00,"",""
0,P00112,"OU","GB112","Bulge",17:48:28.62,-30:55:00.69,0.00,0.00,-39600.00,Open,H,None,0.0,0.0,1,12,10.00,"",""
0,P00095,"OU","GB95","Bulge",17:43:45.17,-30:17:53.25,0.00,0.00,-37440.00,Open,H,None,0.0,0.0,1,12,10.00,"",""
0,P00078,"OU","GB78","Bulge",17:39:05.30,-29:40:08.13,0.00,0.00,-35280.00,Open,H,None,0.0,0.0,1,12,10.00,"",""
0,P00061,"OU","GB61","Bulge",17:34:28.93,-29:01:46.71,0.00,0.00,-33120.00,Open,H,None,0.0,0.0,1,12,10.00,"",""
0,P00060,"OU","GB60","Bulge",17:37:23.87,-28:01:39.01,0.00,0.00,-34560.00,Open,H,None,0.0,0.0,1,12,10.00,"",""
0,P00077,"OU","GB77","Bulge",17:41:58.72,-28:39:36.43,0.00,0.00,-36720.00,Open,H,None,0.0,0.0,1,12,10.00,"",""
0,P00094,"OU","GB94","Bulge",17:46:36.89,-29:16:58.76,0.00,0.00,-38520.00,Open,H,None,0.0,0.0,1,12,10.00,"",""
0,P00111,"OU","GB111","Bulge",17:51:18.44,-29:53:44.63,0.00,0.00,-40680.00,Open,H,None,0.0,0.0,1,12,10.00,"",""
0,P00110,"OU","GB110","Bulge",17:54:04.95,-28:52:16.49,0.00,0.00,-41760.00,Open,H,None,0.0,0.0,1,12,10.00,"",""
0,P00093,"OU","GB93","Bulge",17:49:25.25,-28:15:51.10,0.00,0.00,-39960.00,Open,H,None,0.0,0.0,1,12,10.00,"",""
0,P00076,"OU","GB76","Bulge",17:44:48.75,-27:38:50.53,0.00,0.00,-37800.00,Open,H,None,0.0,0.0,1,12,10.00,"",""
0,P00059,"OU","GB59","Bulge",17:40:15.37,-27:01:16.06,0.00,0.00,-36000.00,Open,H,None,0.0,0.0,1,12,10.00,"",""
0,P00058,"OU","GB58","Bulge",17:43:03.62,-26:00:38.72,0.00,0.00,-37080.00,Open,H,None,0.0,0.0,1,12,10.00,"",""
0,P00075,"OU","GB75","Bulge",17:47:35.57,-26:37:51.24,0.00,0.00,-38880.00,Open,H,None,0.0,0.0,1,12,10.00,"",""
0,P00092,"OU","GB92","Bulge",17:52:10.47,-27:14:31.08,0.00,0.00,-41040.00,Open,H,None,0.0,0.0,1,12,10.00,"",""
0,P00109,"OU","GB109","Bulge",17:56:48.37,-27:50:37.01,0.00,0.00,-42840.00,Open,H,None,0.0,0.0,1,12,10.00,"",""
0,P00108,"OU","GB108","Bulge",17:59:28.88,-26:48:46.93,0.00,0.00,-43920.00,Open,H,None,0.0,0.0,1,12,10.00,"",""
0,P00091,"OU","GB91","Bulge",17:54:52.70,-26:12:59.45,0.00,0.00,-42120.00,Open,H,None,0.0,0.0,1,12,10.00,"",""
0,P00074,"OU","GB74","Bulge",17:50:19.36,-25:36:39.34,0.00,0.00,-40320.00,Open,H,None,0.0,0.0,1,12,10.00,"",""
0,P00057,"OU","GB57","Bulge",17:45:48.80,-24:59:47.79,0.00,0.00,-38520.00,Open,H,None,0.0,0.0,1,12,10.00,"",""
0,P00057,"OU","GB57","Bulge",17:45:48.80,-24:59:47.79,0.00,0.00,-38520.00,Open,H,None,0.0,0.0,1,12,10.00,"",""
0,P00058,"OU","GB58","Bulge",17:43:03.62,-26:00:38.72,0.00,0.00,-37080.00,Open,H,None,0.0,0.0,1,12,10.00,"",""
0,P00059,"OU","GB59","Bulge",17:40:15.37,-27:01:16.06,0.00,0.00,-36000.00,Open,H,None,0.0,0.0,1,12,10.00,"",""
0,P00060,"OU","GB60","Bulge",17:37:23.87,-28:01:39.01,0.00,0.00,-34560.00,Open,H,None,0.0,0.0,1,12,10.00,"",""
0,P00061,"OU","GB61","Bulge",17:34:28.93,-29:01:46.71,0.00,0.00,-33120.00,Open,H,None,0.0,0.0,1,12,10.00,"",""
0,P00062,"OU","GB62","Bulge",17:31:30.38,-30:01:38.26,0.00,0.00,-31680.00,Open,H,None,0.0,0.0,1,12,10.00,"",""
0,P00063,"OU","GB63","Bulge",17:28:28.00,-31:01:12.71,0.00,0.00,-30240.00,Open,H,None,0.0,0.0,1,12,10.00,"",""
0,P00080,"OU","GB80","Bulge",17:33:07.47,-31:40:25.34,0.00,0.00,-32400.00,Open,H,None,0.0,0.0,1,12,10.00,"",""
0,P00097,"OU","GB97","Bulge",17:37:50.88,-32:18:59.35,0.00,0.00,-34560.00,Open,H,None,0.0,0.0,1,12,10.00,"",""
0,P00114,"OU","GB114","Bulge",17:42:38.30,-32:56:53.22,0.00,0.00,-37080.00,Open,H,None,0.0,0.0,1,12,10.00,"",""
0,P00131,"OU","GB131","Bulge",17:47:29.82,-33:34:05.37,0.00,0.00,-39240.00,Open,H,None,0.0,0.0,1,12,10.00,"",""
0,P00130,"OU","GB130","Bulge",17:50:24.61,-32:32:53.49,0.00,0.00,-40680.00,Open,H,None,0.0,0.0,1,12,10.00,"",""
0,P00113,"OU","GB113","Bulge",17:45:35.32,-31:56:03.83,0.00,0.00,-38160.00,Open,H,None,0.0,0.0,1,12,10.00,"",""
0,P00096,"OU","GB96","Bulge",17:40:49.90,-31:18:33.75,0.00,0.00,-36000.00,Open,H,None,0.0,0.0,1,12,10.00,"",""
0,P00079,"OU","GB79","Bulge",17:36:08.28,-30:40:24.74,0.00,0.00,-33840.00,Open,H,None,0.0,0.0,1,12,10.00,"",""
0,P00078,"OU","GB78","Bulge",17:39:05.30,-29:40:08.13,0.00,0.00,-35280.00,Open,H,None,0.0,0.0,1,12,10.00,"",""
0,P00095,"OU","GB95","Bulge",17:43:45.17,-30:17:53.25,0.00,0.00,-37440.00,Open,H,None,0.0,0.0,1,12,10.00,"",""
0,P00112,"OU","GB112","Bulge",17:48:28.62,-30:55:00.69,0.00,0.00,-39600.00,Open,H,None,0.0,0.0,1,12,10.00,"",""
0,P00129,"OU","GB129","Bulge",17:53:15.74,-31:31:28.99,0.00,0.00,-41760.00,Open,H,None,0.0,0.0,1,12,10.00,"",""
0,P00128,"OU","GB128","Bulge",17:56:03.44,-30:29:52.69,0.00,0.00,-42840.00,Open,H,None,0.0,0.0,1,12,10.00,"",""
0,P00111,"OU","GB111","Bulge",17:51:18.44,-29:53:44.63,0.00,0.00,-40680.00,Open,H,None,0.0,0.0,1,12,10.00,"",""
0,P00094,"OU","GB94","Bulge",17:46:36.89,-29:16:58.76,0.00,0.00,-38520.00,Open,H,None,0.0,0.0,1,12,10.00,"",""
0,P00077,"OU","GB77","Bulge",17:41:58.72,-28:39:36.43,0.00,0.00,-36720.00,Open,H,None,0.0,0.0,1,12,10.00,"",""
0,P00093,"OU","GB93","Bulge",17:49:25.25,-28:15:51.10,0.00,0.00,-39960.00,Open,H,None,0.0,0.0,1,12,10.00,"",""
0,P00110,"OU","GB110","Bulge",17:54:04.95,-28:52:16.49,0.00,0.00,-41760.00,Open,H,None,0.0,0.0,1,12,10.00,"",""
0,P00127,"OU","GB127","Bulge",17:58:47.91,-29:28:05.37,0.00,0.00,-43920.00,Open,H,None,0.0,0.0,1,12,10.00,"",""
0,P00126,"OU","GB126","Bulge",18:01:29.36,-28:26:07.76,0.00,0.00,-45000.00,Open,H,None,0.0,0.0,1,12,10.00,"",""
0,P00109,"OU","GB109","Bulge",17:56:48.37,-27:50:37.01,0.00,0.00,-42840.00,Open,H,None,0.0,0.0,1,12,10.00,"",""
0,P00092,"OU","GB92","Bulge",17:52:10.47,-27:14:31.08,0.00,0.00,-41040.00,Open,H,None,0.0,0.0,1,12,10.00,"",""
0,P00075,"OU","GB75","Bulge",17:47:35.57,-26:37:51.24,0.00,0.00,-38880.00,Open,H,None,0.0,0.0,1,12,10.00,"",""
0,P00074,"OU","GB74","Bulge",17:50:19.36,-25:36:39.34,0.00,0.00,-40320.00,Open,H,None,0.0,0.0,1,12,10.00,"",""
0,P00091,"OU","GB91","Bulge",17:54:52.70,-26:12:59.45,0.00,0.00,-42120.00,Open,H,None,0.0,0.0,1,12,10.00,"",""
0,P00108,"OU","GB108","Bulge",17:59:28.88,-26:48:46.93,0.00,0.00,-43920.00,Open,H,None,0.0,0.0,1,12,10.00,"",""
0,P00125,"OU","GB125","Bulge",18:04:07.95,-27:24:00.56,0.00,0.00,-45720.00,Open,H,None,0.0,0.0,1,12,10.00,"",""
0,P00125,"OU","GB125","Bulge",18:04:07.95,-27:24:00.56,0.00,0.00,-45720.00,Open,H,None,0.0,0.0,1,12,10.00,"",""
0,P00126,"OU","GB126","Bulge",18:01:29.36,-28:26:07.76,0.00,0.00,-45000.00,Open,H,None,0.0,0.0,1,12,10.00,"",""
0,P00127,"OU","GB127","Bulge",17:58:47.91,-29:28:05.37,0.00,0.00,-43920.00,Open,H,None,0.0,0.0,1,12,10.00,"",""
0,P00128,"OU","GB128","Bulge",17:56:03.44,-30:29:52.69,0.00,0.00,-42840.00,Open,H,None,0.0,0.0,1,12,10.00,"",""
0,P00129,"OU","GB129","Bulge",17:53:15.74,-31:31:28.99,0.00,0.00,-41760.00,Open,H,None,0.0,0.0,1,12,10.00,"",""
0,P00130,"OU","GB130","Bulge",17:50:24.61,-32:32:53.49,0.00,0.00,-40680.00,Open,H,None,0.0,0.0,1,12,10.00,"",""
0,P00131,"OU","GB131","Bulge",17:47:29.82,-33:34:05.37,0.00,0.00,-39240.00,Open,H,None,0.0,0.0,1,12,10.00,"",""
0,P00114,"OU","GB114","Bulge",17:42:38.30,-32:56:53.22,0.00,0.00,-37080.00,Open,H,None,0.0,0.0,1,12,10.00,"",""
0,P00097,"OU","GB97","Bulge",17:37:50.88,-32:18:59.35,0.00,0.00,-34560.00,Open,H,None,0.0,0.0,1,12,10.00,"",""
0,P00080,"OU","GB80","Bulge",17:33:07.47,-31:40:25.34,0.00,0.00,-32400.00,Open,H,None,0.0,0.0,1,12,10.00,"",""
0,P00063,"OU","GB63","Bulge",17:28:28.00,-31:01:12.71,0.00,0.00,-30240.00,Open,H,None,0.0,0.0,1,12,10.00,"",""
0,P00062,"OU","GB62","Bulge",17:31:30.38,-30:01:38.26,0.00,0.00,-31680.00,Open,H,None,0.0,0.0,1,12,10.00,"",""
0,P00079,"OU","GB79","Bulge",17:36:08.28,-30:40:24.74,0.00,0.00,-33840.00,Open,H,None,0.0,0.0,1,12,10.00,"",""
0,P00096,"OU","GB96","Bulge",17:40:49.90,-31:18:33.75,0.00,0.00,-36000.00,Open,H,None,0.0,0.0,1,12,10.00,"",""
0,P00113,"OU","GB113","Bulge",17:45:35.32,-31:56:03.83,0.00,0.00,-38160.00,Open,H,None,0.0,0.0,1,12,10.00,"",""
0,P00112,"OU","GB112","Bulge",17:48:28.62,-30:55:00.69,0.00,0.00,-39600.00,Open,H,None,0.0,0.0,1,12,10.00,"",""
0,P00095,"OU","GB95","Bulge",17:43:45.17,-30:17:53.25,0.00,0.00,-37440.00,Open,H,None,0.0,0.0,1,12,10.00,"",""
0,P00078,"OU","GB78","Bulge",17:39:05.30,-29:40:08.13,0.00,0.00,-35280.00,Open,H,None,0.0,0.0,1,12,10.00,"",""
0,P00061,"OU","GB61","Bulge",17:34:28.93,-29:01:46.71,0.00,0.00,-33120.00,Open,H,None,0.0,0.0,1,12,10.00,"",""
0,P00060,"OU","GB60","Bulge",17:37:23.87,-28:01:39.01,0.00,0.00,-34560.00,Open,H,None,0.0,0.0,1,12,10.00,"",""
0,P00077,"OU","GB77","Bulge",17:41:58.72,-28:39:36.43,0.00,0.00,-36720.00,Open,H,None,0.0,0.0,1,12,10.00,"",""
0,P00094,"OU","GB94","Bulge",17:46:36.89,-29:16:58.76,0.00,0.00,-38520.00,Open,H,None,0.0,0.0,1,12,10.00,"",""
0,P00036,OU,GCsky,SKY,17:39:49.100,-16:21:38.600,0,0,-38160,Open,H,Circle,60,0,6,1,10,,
0,P00063,OU,GB63,Bulge,17:28:28.00,-31:01:12.71,0,0,-30240,Open,H,None,0,0,1,12,10,,
0,P00062,OU,GB62,Bulge,17:31:30.38,-30:01:38.26,0,0,-31680,Open,H,None,0,0,1,12,10,,
0,P00061,OU,GB61,Bulge,17:34:28.93,-29:01:46.71,0,0,-33120,Open,H,None,0,0,1,12,10,,
0,P00060,OU,GB60,Bulge,17:37:23.87,-28:01:39.01,0,0,-34560,Open,H,None,0,0,1,12,10,,
0,P00059,OU,GB59,Bulge,17:40:15.37,-27:01:16.06,0,0,-36000,Open,H,None,0,0,1,12,10,,
0,P00058,OU,GB58,Bulge,17:43:03.62,-26:00:38.72,0,0,-37080,Open,H,None,0,0,1,12,10,,
0,P00057,OU,GB57,Bulge,17:45:48.80,-24:59:47.79,0,0,-38520,Open,H,None,0,0,1,12,10,,
0,P00074,OU,GB74,Bulge,17:50:19.36,-25:36:39.34,0,0,-40320,Open,H,None,0,0,1,12,10,,
0,P00075,OU,GB75,Bulge,17:47:35.57,-26:37:51.24,0,0,-38880,Open,H,None,0,0,1,12,10,,
0,P00076,OU,GB76,Bulge,17:44:48.75,-27:38:50.53,0,0,-37800,Open,H,None,0,0,1,12,10,,
0,P00077,OU,GB77,Bulge,17:41:58.72,-28:39:36.43,0,0,-36720,Open,H,None,0,0,1,12,10,,
0,P00078,OU,GB78,Bulge,17:39:05.30,-29:40:08.13,0,0,-35280,Open,H,None,0,0,1,12,10,,
0,P00079,OU,GB79,Bulge,17:36:08.28,-30:40:24.74,0,0,-33840,Open,H,None,0,0,1,12,10,,
0,P00080,OU,GB80,Bulge,17:33:07.47,-31:40:25.34,0,0,-32400,Open,H,None,0,0,1,12,10,,
0,P00097,OU,GB97,Bulge,17:37:50.88,-32:18:59.35,0,0,-34560,Open,H,None,0,0,1,12,10,,
0,P00096,OU,GB96,Bulge,17:40:49.90,-31:18:33.75,0,0,-36000,Open,H,None,0,0,1,12,10,,
0,P00095,OU,GB95,Bulge,17:43:45.17,-30:17:53.25,0,0,-37440,Open,H,None,0,0,1,12,10,,
0,P00094,OU,GB94,Bulge,17:46:36.89,-29:16:58.76,0,0,-38520,Open,H,None,0,0,1,12,10,,
0,P00093,OU,GB93,Bulge,17:49:25.25,-28:15:51.10,0,0,-39960,Open,H,None,0,0,1,12,10,,
0,P00092,OU,GB92,Bulge,17:52:10.47,-27:14:31.08,0,0,-41040,Open,H,None,0,0,1,12,10,,
0,P00091,OU,GB91,Bulge,17:54:52.70,-26:12:59.45,0,0,-42120,Open,H,None,0,0,1,12,10,,
0,P00108,OU,GB108,Bulge,17:59:28.88,-26:48:46.93,0,0,-43920,Open,H,None,0,0,1,12,10,,
0,P00109,OU,GB109,Bulge,17:56:48.37,-27:50:37.01,0,0,-42840,Open,H,None,0,0,1,12,10,,
0,P00110,OU,GB110,Bulge,17:54:04.95,-28:52:16.49,0,0,-41760,Open,H,None,0,0,1,12,10,,
0,P00111,OU,GB111,Bulge,17:51:18.44,-29:53:44.63,0,0,-40680,Open,H,None,0,0,1,12,10,,
0,P00112,OU,GB112,Bulge,17:48:28.62,-30:55:00.69,0,0,-39600,Open,H,None,0,0,1,12,10,,
0,P00113,OU,GB113,Bulge,17:45:35.32,-31:56:03.83,0,0,-38160,Open,H,None,0,0,1,12,10,,
0,P00114,OU,GB114,Bulge,17:42:38.30,-32:56:53.22,0,0,-37080,Open,H,None,0,0,1,12,10,,
0,P00131,OU,GB131,Bulge,17:47:29.82,-33:34:05.37,0,0,-39240,Open,H,None,0,0,1,12,10,,
0,P00130,OU,GB130,Bulge,17:50:24.61,-32:32:53.49,0,0,-40680,Open,H,None,0,0,1,12,10,,
0,P00129,OU,GB129,Bulge,17:53:15.74,-31:31:28.99,0,0,-41760,Open,H,None,0,0,1,12,10,,
0,P00128,OU,GB128,Bulge,17:56:03.44,-30:29:52.69,0,0,-42840,Open,H,None,0,0,1,12,10,,
0,P00127,OU,GB127,Bulge,17:58:47.91,-29:28:05.37,0,0,-43920,Open,H,None,0,0,1,12,10,,
0,P00126,OU,GB126,Bulge,18:01:29.36,-28:26:07.76,0,0,-45000,Open,H,None,0,0,1,12,10,,
0,P00125,OU,GB125,Bulge,18:04:07.95,-27:24:00.56,0,0,-45720,Open,H,None,0,0,1,12,10,,
